789 Botany Rd,,,ILS and Countries State,,,Surf Life Saving Australia,2018,NSW,,
200 The Boulevard,,lifesavingoperations@lifesavingvictoria.com.au,Life Saving Victoria,03 9676 6932,03 9676 6930,Surf Life Saving Australia,3207,VIC,www.lifesavingvictoria.com.au,
3 Narabang Way,,experts@surflifesaving.com.au,Surf Life Saving New South Wales,0294718001,0294718000,Surf Life Saving Australia,2085,NSW,www.surflifesaving.com.au,
Surf House  62 Aralia Street,,surf@lifesavingnt.com.au,Surf Life Saving Northern Territory,08 8985 4737,08 8985 6588,Surf Life Saving Australia,0810,NT,www.lifesavingnt.com.au,
18 Manning Street,,info@lifesaving.com.au,Surf Life Saving Queensland,07 3846 8008,07 3846 8000,Surf Life Saving Australia,4101,QLD,www.lifesaving.com.au,
2 Barcoo Road,,surflifesaving@surfrescue.com.au,Surf Life Saving South Australia Inc,08 8354 6999,08 8354 6900,Surf Life Saving Australia,5024,SA,www.surfrescue.com.au,
5 Franklin Wharf,,slst@slst.asn.au,Surf Life Saving Tasmania,03 6223 5577,03 6222 6555,Surf Life Saving Australia,7000,TAS,www.slst.asn.au,
7 Delawney Street,,mail@slswa.com.au,Surf Life Saving Western Australia,(08) 92076699,(08) 92076666,Surf Life Saving Australia,6021,WA,www.surflifesavingwa.com.au,
,,,Bass District,,,Life Saving Victoria,,Unknown,,
Surf Beach Road,Cape Paterson/First Surf,secretary@cpslsc.org.au,Cape Paterson SLSC,,,Bass District,3995,VIC,www.capepatersonslsc.org,
163 Surf Parade,Main (Surf Beach),info@islsc.org.au,Inverloch SLSC,,0402893253,Bass District,3996,VIC,islsc.org.au,
Surf Drive,Venus Bay,secretary@vbslsc.org.au,Venus Bay SLSC,,03 5663 7780,Bass District,3956,VIC,www.vbslsc.org.au,
130 Beach Parade,Sandy Point (Waratah Bay),treasurer@waratahbeach.com.au,Waratah Beach SLSC,,03 5684 1276,Bass District,3959,VIC,www.waratahbeach.com.au,
Bay Beach Cape Paterson,Bay Beach Cape Paterson,secretary@wlsc.org.au,Wonthaggi LSC,,03 5674 4720,Bass District,3995,VIC,,
Woolamai Beach Road,Woolamai,secretary@woolamaibeach.asn.au,Woolamai Beach SLSC,,03 5956 7311,Bass District,3925,VIC,www.woolamaibeach.asn.au,
,,,Bayside District,,,Life Saving Victoria,,Unknown,,
Beach Road,Beaumaris,blscsecretary@gmail.com,Beaumaris LSC,,03 9589 3377,Bayside District,3193,VIC,www.beaumarislifesavingclub.org,
Beach Road (near Clock Tower),Black Rock,brlscpres@gmail.com,Black Rock LSC,,03 9598 9571,Bayside District,3193,VIC,www.brlsc.org.au,
The Esplanade (opposite Keith Court),Middle Brighton,secretary@brightonlsc.com.au,Brighton LSC Inc (VIC),,,Bayside District,3186,VIC,www.brightonlsc.com.au,
Beach Road,Half Moon Bay,petejane@netspace.net.au,Half Moon Bay SLSC,,03 9598 0399,Bayside District,3193,VIC,www.halfmoonbayslsc.com.au,
Beach Road (250M North of Small St),Hampton,info@hlsc.org.au,Hampton LSC,,03 9598 0600,Bayside District,3188,VIC,www.hlsc.org.au,
Beach Road,Sandringham,president@sandringhamlsc.com.au,Sandringham LSC,,03 9598 2340,Bayside District,3191,VIC,,
,,,Bellarine District,,,Life Saving Victoria,,Unknown,,
Breamlea Road,Bancoora Beach,enquiries@bancoora.asn.au,Bancoora SLSC,,03 5264 1248,Bellarine District,3227,VIC,www.bancoora.asn.au,
13th Beach Rd,Point Flinders,committee@13thbeachslsc.asn.au,Barwon Heads 13th Beach SLSC,,03 5254 2469,Bellarine District,3227,VIC,www.13thbeachslsc.asn.au,
Surf Beach Road,Ocean Grove,honsecretary@oceangroveslsc.asn.au,Ocean Grove SLSC,,03 5255 1382,Bellarine District,3226,VIC,www.oceangroveslsc.asn.au,
,,,Community Branch(WA),,,Surf Life Saving Western Australia,,WA,,
,,,Community NSW Branch,,,Surf Life Saving New South Wales,,NSW,,
18 Banksia Street,,branch.slsfnc@gmail.com,Far North Coast Branch,,,Surf Life Saving New South Wales,2473,NSW,www.slsfnc.com.au,
65 Lighthouse Parade,Shelly,ballinaslsc@gmail.com,Ballina Lighthouse and Lismore SLSC,,0410611058,Far North Coast Branch,2478,NSW,www.ballinasurfclub.com.au,
South Beach Road,Brunswick Heads,admin@brunswickslsc.org,Brunswick SLSC,0266851273,0266851273,Far North Coast Branch,2483,NSW,www.brunswickslsc.org,
Bay Street,Main Beach (Byron Bay),bbslsc@hotmail.com,Byron Bay SLSC,02 6685 8518,02 6685 6253,Far North Coast Branch,2481,NSW,www.byronbaysurfclub.com.au,
Pandanus Parade,Bogangar/Cabarita,secretary@cabaslsc.org.au,Cabarita Beach SLSC,02 66760944,02 66761551,Far North Coast Branch,2488,NSW,www.cabaslsc.org.au,
61 Marine Parade,Dreamtime/Kingscliff/Cudgen,admin@cudgenslsc.org.au,Cudgen Headland SLSC,02 66743388,02 66741573,Far North Coast Branch,2487,NSW,www.cudgenslsc.org.au,
1 Captain Cook Drive,Evans Head,evanssurflifesaving@bigpond.com,Evans Head-Casino SLSC inc.,,02-66824277,Far North Coast Branch,2473,NSW,www.evanssurf.org.au,
Cnr Prince St and Marine Parade,Letitia Spit,secretary@fingalroversslsc.com.au,Fingal Rovers SLSC,,0401 997 621,Far North Coast Branch,2487,NSW,www.fingalroversslsc.com.au,
Pacific Pde,Seven Mile Beach/Lennox Head,lennoxsurfclub@bigpond.com,Lennox Head - Alstonville SLSC,,0266877380,Far North Coast Branch,2478,NSW,www.lennoxsurfclub.com.au,
Bells Boulevard- Salt Village,BOGANGAR/CABARITA,secretary@saltsurfclub.com.au,Salt SLSC,,0432483206,Far North Coast Branch,2487,NSW,www.saltsurfclub.com.au,
1 Marine Parade,Yamba Beach,office@yambaslsc.com.au,Yamba SLSC Inc,0266458648,0266462463,Far North Coast Branch,2464,NSW,www.yambaslsc.com.au,
,,doafscsls@gmail.com,Far South Coast Branch,,0401361822,Surf Life Saving New South Wales,,Unknown,,
George Bass Drive,Malua Bay,bbslsc.president@gmail.com,Batemans Bay SLSC,,0408603750,Far South Coast Branch,2536,NSW,www.batemansbayslsc.org.au,
Lamont Street,Horseshoe Bay,bermisurfclub@gmail.com,Bermagui SLSC,,,Far South Coast Branch,2546,NSW,www.bermaguisls.org.au,
Off The Southern End of Heath Street,Bengello Beach(South Broulee/South),brosslsc@bigpond.net.au,Broulee Surfers SLSC,,0244716657,Far South Coast Branch,2537,NSW,brouleesurfersslsc.org.au,
Coronation Drive,Moruya (Heads) Beach,president@moruyasurf.org.au,Moruya SLSC,,02 4474 2674,Far South Coast Branch,2537,NSW,www.moruyasurf.org.au,
Ballingalla St,Narooma Beach,naroomasurf@yahoo.com.au,Narooma SLSC,,02 4476 1745,Far South Coast Branch,2546,NSW,www.naroomasurfclub.org.au,
Pambula Beach Road,Pambula Beach,secretary@pambulasurf.org.au,Pambula SLSC,,02 64956224,Far South Coast Branch,2549,NSW,www.pambulasurf.org.au,
ANDY POOLE DRIVE,Tathra Beach,tathraslsc@hotmail.com,Tathra SLSC,,02 6494 1588,Far South Coast Branch,2550,NSW,www.tathrasurfclub.com.au,
,,,Flinders District,,,Life Saving Victoria,,Unknown,,
Truemans Road,Gunnamatta,info@gunnamattaslsc.com.au,Gunnamatta SLSC,,03 5988 6330,Flinders District,,VIC,www.gunnamattaslsc.com.au,
Western Parade,Point Leo Surf,admin@pointleoslsc.com.au,Point Leo SLSC,,,Flinders District,3916,VIC,www.pointleoslsc.com.au,
Portsea Ocean Beach,Portsea (Back),contact@portseasurf.com.au,Portsea SLSC,,0423697734,Flinders District,3944,VIC,www.portseasurf.com.au,
250 Ocean Bech Road,Sorrento Ocean (Back),lifesaving@sorrentoslsc.com,Sorrento SLSC (VIC),,,Flinders District,3943,VIC,www.sorrentoslsc.com,
,,,Gippsland District,,,Life Saving Victoria,,Unknown,,
The Hummocks Main Beach (Cunninghame Arm Bridge),Eastern,info@lakesentrancesurflifesaving.org.au,Lakes Entrance SLSC,,,Gippsland District,3909,VIC,www.lakesentrancesurflifesaving.org.au,
Lees Road (SES Shed),Main - Bastion Point,warren.jennifer.c@edumail.vic.gov.au,Mallacoota SLSC,,03 5158 0254,Gippsland District,3892,VIC,,
Foreshore Road / Lyon Street,Seaspray,graceduffield@ymail.com,Seaspray SLSC,03 5144 3416,,Gippsland District,3851,VIC,www.seasprayslsc.com,
Ben Rendell Drive / Woodside Beach Road,Woodside,ollies@wideband.net.au,Woodside Beach SLSC,,03 5187 1246,Gippsland District,3874,VIC,www.wbslsc.com,
,,,Gold Coast City Council ALS (Lifeguards),,,Surf Life Saving Queensland,,QLD,,
1/6 Revelation Close,,info@hsls.org.au,Hunter Surf LIfe Saving,,02 4961 4533,Surf Life Saving New South Wales,2297,NSW,www.hsls.org.au,
73 James Paterson Street,Birubi Point,birubisecretary@gmail.com,Birubi Point SLSC,,0249819944,Hunter Surf LIfe Saving,2316,NSW,www.birubipointslsc.org.au,
Flowers Drive,Middle Camp Beach,info@cathoslsc.org.au,Catherine Hill Bay SLSC,,02 4976 1217,Hunter Surf LIfe Saving,2281,NSW,www.cathoslsc.org.au,
131 Caves Beach Road,Caves Beach,rossbowmaker@bigpond.com,Caves Beach SLSC,0249715540,0249711667,Hunter Surf LIfe Saving,2281,NSW,www.cavesslsc.com.au,
Memorial Drive,Bar Beach,enquiries@cookshillsurfclub.com.au,Cooks Hill SLSC,,02 4925 2828,Hunter Surf LIfe Saving,2300,NSW,www.cookshillsurfclub.com.au,
Ocean Street,Dixon Beach,peter.brown@mn.catholic.edu.au,Dixon Park SLSC,,024926 2422,Hunter Surf LIfe Saving,2291,NSW,www.dixonslsc.com,
3 Marine Drive,Fingal Beach,bmw@skymesh.com.au,Fingal Beach SLSC,,0413089131,Hunter Surf LIfe Saving,2315,NSW,www.fingalbeachslsc.com,
Cnr John Parade and Watkins Street,Merewether Beach,mslsc.secretary@gmail.com,Merewether SLSC,,0249637972,Hunter Surf LIfe Saving,2291,NSW,www.merewetherslsc.com.au,
Shortland Esplanade,Newcastle Beach,sarah.elliott463@gmail.com,Newcastle SLSC,,024926 4176,Hunter Surf LIfe Saving,2300,NSW,www.newcastleslsc.com.au,
Cnr Nobbys Road and Shortland Esplanade,Nobbys Beach,blicks3@bigpond.com,Nobbys SLSC (NSW),,,Hunter Surf LIfe Saving,2300,NSW,www.nobbysslsc.org.au,
Beach Road,Redhead Beach,redheads@redheadslsc.com,Redhead SLSC,,02 4942 6633,Hunter Surf LIfe Saving,2290,NSW,www.redheadslsc.com,
Pitt Street,Stockton Beach,stocktonsurf@bigpond.com.au,Stockton SLSC,,02 4928 3562,Hunter Surf LIfe Saving,2295,NSW,www.stocktonsurfclub.com,
Ungala Road,Blacksmiths Beach,swanseabelmont@bigpond.com,Swansea Belmont SLSC,0249721643,0249721642,Hunter Surf LIfe Saving,2281,NSW,www.swanseabelmont.com,
117 Booner Street - Cnr Bennett St,Bennetts,maxinecook1210@yahoo.com.au,Tea Gardens Hawks Nest SLSC,,,Hunter Surf LIfe Saving,2324,NSW,www.teagardenshawksnestslsc.com,
,,,Kingston District,,,Life Saving Victoria,,Unknown,,
Groves Street,Aspendale,aspendalelsc@hotmail.com,Aspendale LSC,,03 9587 2474,Kingston District,3195,VIC,http://aspendalelsc.com.au/,
Beach Reserve- Lord Weaver Grove,Bonbeach,secretary@bonbeachlsc.com.au,Bonbeach LSC,,0397760810,Kingston District,3196,VIC,www.bonbeachlsc.com.au,
15 Old Post Office Lane,Carrum,Info@carrumslsc.com,Carrum SLSC,,03 9776 0504,Kingston District,3197,VIC,www.carrumslsc.com,
The Strand,Chelsea,clslsc.secretary@gmail.com,Chelsea Longbeach SLSC,,03 9772 3029,Kingston District,3196,VIC,www.chelseaslsc.com,
The Esplanade,Edithvale,secretary_elsc@hotmail.com,Edithvale LSC,,03 9772 3968,Kingston District,3196,VIC,www.edithvalelsc.com.au,
Beach Road Opposite Kitchener Street,Mentone,membershipmlsc@gmail.com,Mentone LSC,,,Kingston District,3194,VIC,www.mentonelsc.com,
Beach Road,Mordialloc,info@mlsc.com.au,Mordialloc LSC,,03 9580 6264,Kingston District,3195,VIC,www.mlsc.com.au,
,,,Life Saving Victoria Academy Branch,,,Life Saving Victoria,,VIC,,
200 The Boulevard,,,Life Saving Victoria Academy,03 9681 8211,03 9676 6900,Life Saving Victoria Academy Branch,3207,VIC,,
,,admin@slslnc.org.au,Lower North Coast Branch Inc.,,,Surf Life Saving New South Wales,2428,NSW,www.slslnc.org.au,
Main St,Black Head Beach,administration@blackheadslsc.com.au,Black Head SLSC Inc.,,0265592737,Lower North Coast Branch Inc.,2430,NSW,http:www.blackheadslsc.com.au,
Palmgrove Place- One Mile Beach,One Mile Beach,peter.mctiernan@bigpond.com,Cape Hawke SLSC (Inc),6555 5822,6555 5822,Lower North Coast Branch Inc.,2428,NSW,wwww.capehawkeslsc.org.au,
559 Crowdy Head Road,Crowdy Beach,admin@crowdyheadslsc.org.au,Crowdy Head SLSC Inc,,0265561325,Lower North Coast Branch Inc.,2427,NSW,www.crowdyheadslsc.org.au,
Cnr Beach and North Street,Forster Beach,admin@forsterslsc.com,Forster SLSC,,,Lower North Coast Branch Inc.,2428,NSW,forsterslsc.com,
Lakeside Crescent,Elizabeth,administration@pacificpalmsslsc.org.au,Pacific Palms SLSC,,02 6554 0468,Lower North Coast Branch Inc.,2428,NSW,www.PacificPalmsSLSC.org.au,
Old Bar Road,Old Bar,president@tareeoldbarsurfclub.com.au,Taree Old Bar SLSC,,,Lower North Coast Branch Inc.,2430,NSW,www.tareeoldbarsurfclub.com.au,
,,,Magenta Lifeguard Service (Lifeguards),,,Surf Life Saving New South Wales,,NSW,,
,,,Misc NT Clubs,,,Surf Life Saving Northern Territory,,NT,,
Lot 9316 Daribah Road,Casuarina Beach,darwinslsc@iinet.net.au,Darwin SLSC,,0889450447,Misc NT Clubs,0810,NT,www.darwinsurfclub.com.au,
Town Beach,Gadalathami/Town,admin@goveslsc.org,Gove Peninsula SLSC,,0889872589,Misc NT Clubs,0880,NT,http://goveslsc.org,
Maria Liveris Drive,Mindil Beach,danny.salfus@bigpond.com,Mindil Beach SLSC,,,Misc NT Clubs,0820,NT,https://sites.google.com/site/mindilbeachsurflifesavingclub/home,
,Yirrkala,tutinia@miwatj.com.au,Walngawu Djakamirri SLSC,,,Misc NT Clubs,0880,NT,,
,,,Misc SA Clubs,,,Surf Life Saving South Australia Inc,,SA,,
Norman Rd,Adlinga,abslsc.secretary@gmail.com,Aldinga Bay SLSC,,8556 3178,Misc SA Clubs,5173,SA,www.Aldingabayslsc.com.au,
Millicent Road,,mlmillard@me.com,Beachport Surf Life Saving Service,08 8735 8309,08 8735 8029,Misc SA Clubs,5280,SA,,
The Esplanade,Brighton,info@brightonsurfclub.com,Brighton SLSC (SA),,,Misc SA Clubs,5048,SA,www.brightonsurfclub.com,
Hindmarsh Esplanade,Boomer-Chiton Rocks,chitonrocks@gmail.com,Chiton Rocks SLSC,,,Misc SA Clubs,5211,SA,http://www.chitonrocks.com,
Esplanade,Christies Beach,cbeachlc@sa.chariot.net.au,Christies Beach SLSC,0883268969,088346445,Misc SA Clubs,5165,SA,www.christiesbeachslsc.com.au,
The Foreshore,Glenelg,secretary@glenelgslsc.com.au,Glenelg SLSC,,82956165,Misc SA Clubs,5045,SA,www.glenelgslsc.com.au,
Beach Road,Goolwa,goolwasls@hotmail.com,Goolwa SLSC,,,Misc SA Clubs,5214,SA,http://www.goolwaslsc.com.au/,
497 Esplanade,Grange,mail@grangeslsc.asn.au,Grange SLSC,,,Misc SA Clubs,5022,SA,www.grangeslsc.asn.au,
246 The Esplanade,Henley,info@henleyslsc.com.au,Henley SLSC,,,Misc SA Clubs,5022,SA,www.henleyslsc.com.au,
46 Penola Road,,lyn.mclachlan@stjohnsa.com.au,Lower South East Surf Life Saving Service,,,Misc SA Clubs,5290,SA,,
The Esplanade,Moana,secretary@moanaslsc.com.au,Moana SLSC,08 8386 0864,08 8386 0873,Misc SA Clubs,5169,SA,www.moanaslsc.com.au,
Beachfront- Jetty Road,Normanville,info@normanvilleslsc.org.au,Normanville SLSC,,0885582699,Misc SA Clubs,5204,SA,www.normanvilleslsc.org.au,
44 Australia II Drive,North Haven,general@northhavenslsc.com.au,North Haven SLSC,,,Misc SA Clubs,5018,SA,www.northhavenslsc.com.au,
Horseshoe Bay,Port Elliot,peslsc01@bigpond.net.au,Port Elliot SLSC,,08 8554 3155,Misc SA Clubs,5212,SA,www.portelliotslsc.com.au,
cnr Saltfleet St and Esplanade,Port Noarlunga,secretary.pnslsc@live.com.au,Port Noarlunga SLSC,,0883821376,Misc SA Clubs,5167,SA,pnslsc.com.au,
,,sally@robehouse.com.au,Robe Surf Life Saving Club Inc.,,,Misc SA Clubs,,SA,,
248 Esplanade,Seacliff,gsmyth52@hotmail.com,Seacliff SLSC,,,Misc SA Clubs,5049,SA,www.seacliffslsc.com.au,
Point Malcolm Reserve- Military Rd,Semaphore,sslsc@bigpond.net.au,Semaphore SLSC,,0884498088,Misc SA Clubs,5019,SA,www.semaphoreslsc.com.au,
Cnr Repton Road and Esplanade,Somerton,info@somertonslsc.org.au,Somerton SLSC,08 8377 4935,08 8298 7112,Misc SA Clubs,5044,SA,www.somertonslsc.org.au,
Weatherald Terrace,South Port,mail@southportslsc.org.au,South Port SLSC Inc (SA),,,Misc SA Clubs,5167,SA,www.southportslsc.org.au/,
Corner Seaview and West Beach Roads,West Beach,secretary@westbeachslsc.com.au,West Beach SLSC,,8353 8408,Misc SA Clubs,5024,SA,www.westbeachslsc.com.au,
Whyalla Foreshore,Whyalla,su49344@bigpond.net.au,Whyalla SLSC,0886453499,0886453499,Misc SA Clubs,5600,SA,,
,,,Misc TAS Clubs,,,Surf Life Saving Tasmania,,TAS,,
41 Foster Street,Bicheno,bslclub@hotmail.com,Bicheno SLSC,,,Misc TAS Clubs,7215,TAS,,
Port Road,Boat Harbour,boatharbour@slst.asn.au,Boat Harbour Beach SLSC,,,Misc TAS Clubs,7321,TAS,,
Goftons Beach,Goftons Beach,secretary@bridportslsc.org.au,Bridport SLSC,,,Misc TAS Clubs,7262,TAS,www.bridportslsc.org.au,
West Beach,West Beach,secretary@burnieslsc.org.au,Burnie SLSC,,03 6431 2697,Misc TAS Clubs,7320,TAS,www.burnieslsc.org.au,
1 Raprinner Street,Carlton Beach,carltonpark@slst.asn.au,Carlton Park SLSC,,03 62658102,Misc TAS Clubs,7173,TAS,http://www.carltonparkslsc.com.au/,
Clifton Beach Road,Clifton Beach,cliftonbeachslsc@gmail.com,Clifton Beach SLSC,,03 62489 999,Misc TAS Clubs,7020,TAS,www.cliftonbeachslsc.com.au,
39 Bluff Road (Box 157),Bluff Beach,mail@devonportsurfclub.asn.au,Devonport SLSC,,036424 6797,Misc TAS Clubs,7310,TAS,www.devonportsurfclub.asn.au,
25A Osbourne Esplanade,Kingston Beach,kingstonbeachslsc@gmail.com,Kingston Beach SLSC,,,Misc TAS Clubs,7050,TAS,www.kingstonbeachslsc.com.au,
Trevallyn Dam,Trevalyn Dam,launcestonslsc@slst.asn.au,Launceston SLSC Inc,6327 3773,6348 7590,Misc TAS Clubs,7250,TAS,,
Preservation Drive,Preservation Bay,penguinlifesaving@bigpond.com,Penguin SLSC,,0364372639,Misc TAS Clubs,7316,TAS,,
Freers Beach,Port Sorell,portsorellslc@bigpond.com,Port Sorell SLSC,,03 64286 324,Misc TAS Clubs,7307,TAS,http://www.portsorellsurflifesavingclub.com.au/,
Dune Street,Wrinklers Beach,sallyy@skymesh.com.au,Scamander SLSC,,0363722966,Misc TAS Clubs,7215,TAS,,
Esplanade,Somerset Beach,somersetslsc@slst.asn.au,Somerset SLSC,,03 6435 1627,Misc TAS Clubs,7322,TAS,,
Beach Road,Buttons Beach,ulverstone@slst.asn.au,Ulverstone SLSC,,0364252404,Misc TAS Clubs,7315,TAS,www.ulverstoneslsc.org,
,,,Misc VIC Clubs,,,Life Saving Victoria,,VIC,,
,,ithelp@slsa.asn.au,Test Vic Club,,(02) 92158111,Misc VIC Clubs,,Unknown,www.sls.com.au,
,,,Misc WA Clubs,,,Surf Life Saving Western Australia,,WA,,
4 Flinders Parade,Middleton Beach,perdigough@hotmail.com,Albany SLSC,,(08) 98413327,Misc WA Clubs,6330,WA,www.albanysurfclub.com.au,
Lot 3001 Coronation Drive,Binningup Beach,binningupslsc@hotmail.com,Binningup SLSC,,,Misc WA Clubs,6233,WA,,
Cable Beach Road,Cable Beach,broomeslsc@westnet.com.au,Broome,,,Misc WA Clubs,6726,WA,www.broomeslsc.com,
,Busselton Beach,bnslsc@mybeach.com.au,Busselton SLSC,,,Misc WA Clubs,6280,WA,,
Foreshore Drive,Champion-St George  Beach,admin@champions.org.au,Champion Bay SLSC,,0428 382 285,Misc WA Clubs,6530,WA,http://www.champions.org.au/,
Ocean Drive,Bunbury Beach,surfclub@bunburyslsc.com.au,City of Bunbury SLSC,,08 9721 3633,Misc WA Clubs,6230,WA,www.bunburyslsc.com.au,
181- 183 Challenger Parade,City Beach,admin@citysurf.asn.au,City of Perth SLSC,,0893859232,Misc WA Clubs,6015,WA,www.citysurf.asn.au,
20 Poore Grove,Coogee Beach,admin@coogeebeachslsc.com.au,Coogee Beach SLSC Inc (WA),,08 9494 1433,Misc WA Clubs,6166,WA,www.coogeebeachslsc.com.au,
87 Marine Parade,Cottesloe Beach,admin@cottsurf.com,Cottesloe SLSC,0893854963,0893834400,Misc WA Clubs,6011,WA,www.cottsurf.com.au,
Beach End Dalyellup BLVD,Dalyellup,dpslsc@mybeach.com.au,Dalyellup Beach SLSC Inc,,,Misc WA Clubs,6230,WA,http://www.dalyellupslsc.com.au/,
Ocean Beach Road,Ocean Beach,denmarksurf@westnet.com.au,Denmark SLSC,,0898482346,Misc WA Clubs,6333,WA,www.denmarksurf.com.au,
Whitetops Road,Dongara,rod@edwardspartners.com.au,Dongara Denison SLSC,,,Misc WA Clubs,6525,WA,,
Loc 2102 Twilight Beach Rd,Fourth-Surfers-Twilight Beach,egslsc@gmail.com,Esperance-Goldfields SLSC,,0890720087,Misc WA Clubs,6450,WA,,
Challenger Parade,Floreat-Scarborough-Trigg,admin@floreatslsc.com,Floreat SLSC Inc.,08 9385 9370,08 9385 9370,Misc WA Clubs,6014,WA,http://floreatslsc.com,
20 Leighton Beach Boulevard,Leighton Beach,fmslsc@fremantlesurfclub.com.au,Fremantle SLSC,,0893354359,Misc WA Clubs,6159,WA,fremantlesurfclub.com.au,
260 Wilcock Drive,Tarcoola-Back Beach (Mahomets),surfclub@geraldtonslsc.com,Geraldton Surf Life Saving Club,0899213403,0899213403,Misc WA Clubs,6530,WA,www.geraldtonslsc.com,
40 Orestes St,San Remo,mhslsc@mybeach.com.au,Mandurah SLSC,,08 95834551,Misc WA Clubs,6210,WA,www.mandurahslsc.asn.au,
,Margaret River mouth,mrslsc@mybeach.com.au,Margaret River SLSC,,,Misc WA Clubs,,WA,,
11 Oceanside Promenade,Whitfords-Mullaloo Beach,info@mullaloosurf.com.au,Mullaloo SLSC,,08 9307 7766,Misc WA Clubs,6027,WA,www.mullaloosurf.com.au,
151 Marine Parade,Cottesloe,office@ncslsc.com,North Cottesloe SLSC,,08 9284 2626,Misc WA Clubs,6011,WA,www.ncslsc.com,
Pyramids Beach,Pyramids,admin@portbouvardslsc.com.au,Port Bouvard SLSC,,08 9582 8727,Misc WA Clubs,6211,WA,www.portbouvardslsc.com.au,
Boat Beach Rd,,portwalcottsls@gmail.com,Port Walcott Surf Lifesaving Club,,,Misc WA Clubs,6720,WA,,
Cnr Ocean Drive and Quinns Road,Quinns Rocks,quinnsmindarie@bigpond.com,Quinns Mindarie SLSC,0893051874,0893051870,Misc WA Clubs,6030,WA,www.quinnssurfclub.com,
The Esplanade,Floreat-Scarborough-Trigg,enquiries@scarboro.com.au,Scarboro SLSC Inc,08 9341 3854,08 9341 1011,Misc WA Clubs,6019,WA,www.scarboro.com.au,
Palermo Cove,Secret Harbour,members@secretharbourslsc.com,Secret Harbour SLSC,08 9524 8344,08 9524 7092,Misc WA Clubs,6173,WA,www.secretharbourslsc.com,
Smiths Beach Road,Smiths Beach,admin@sbslsc.com.au,Smiths Beach SLSC,,,Misc WA Clubs,6282,WA,www.sbslsc.com.au,
189 West Coast Drive,Sorrento Beach,admin@sorrentoslsc.org.au,Sorrento SLSC (Inc) (WA),,08 9448 1431,Misc WA Clubs,6020,WA,www.soslsc.com,
282 Marine Parade,Swanbourne,administrator@swannysurfclub.org.au,Swanbourne Nedlands SLSC Inc,0893840020,0893840020,Misc WA Clubs,6010,WA,http://www.swannysurfclub.org.au,
360-362 West Coast Drive,Trigg Island,tislsc@triggisland.com,Trigg Island SLSC,0894477633,0894473556,Misc WA Clubs,6029,WA,www.triggisland.com,
,Yanchep,yanchepsurflifesaving@gmail.com,Yanchep SLSC,,(00) 00000000,Misc WA Clubs,,WA,www.yanchepsurflifesaving.com.au,
,,,Mornington District,,,Life Saving Victoria,,Unknown,,
250 Point Nepean Road,Dromana,dblsc@optusnet.com.au,Dromana Bay LSC,,035981 4982,Mornington District,3936,VIC,www.dromanabay.org,
1 Long Island Drive,Frankston,president@frankstonlsc.com.au,Frankston LSC,,03 9783 9730,Mornington District,3199,VIC,www.frankstonlsc.com.au,
1a Mills Beach,Mills Beach,admin@morningtonlsc.com,Mornington LSC,,03 5975 8296,Mornington District,3931,VIC,www.morningtonlsc.com,
The Esplanade,Mount Martha Point,mmlsc@bigpond.net.au,Mount Martha LSC,,03 5974 4140,Mornington District,3934,VIC,www.mmlsc.com,
Point Nepean Road,Rosebud,baker7@bigpond.net.au,Rosebud and McCrae LSC,,03 5986 1492,Mornington District,3938,VIC,,
Nepean Highway (Opp. Station Street),Seaford,secretary@seafordlsc.com.au,Seaford LSC,039562 9009,03 9786 2828,Mornington District,3198,VIC,www.seafordlsc.com.au,
5 Marlow Street,,nbbslsq@lifesaving.com.au,North Barrier Branch,07 4774 1144,07 47662200,Surf Life Saving Queensland,4810,QLD,www.nbbsurflifesaving.com.au,
The Rockpool - The Strand,Alma Bay,arcadian@bigpond.net.au,Arcadian SLSC,07 4721 5366,07 4721 5855,North Barrier Branch,4810,QLD,http://www.arcadiansurfclub.com.au,
Sandown Street- Alva Beach,Alva Beach,ayrslsc@exemail.com.au,Ayr SLSC,,07 4783 5638,North Barrier Branch,4807,QLD,ayrsurfclub.com.au,
The Esplanade- Queens Beach,Queens Beach,bowenslsc@westnet.com.au,Bowen SLSC,,07 4785 0200,North Barrier Branch,4805,QLD,,
Eimeo Esplanade,Eimeo,eimeoslsclub@bigpond.com,Eimeo SLSC,07 49696680,07 49696680,North Barrier Branch,4740,QLD,www.eimeoslsc.com.au,
9 Palm Street,Forrest Beach,cmcantoni@bigpond.com,Forrest Beach SLSC,,07 4777 8966,North Barrier Branch,4850,QLD,http://www.fbslsc.org,
East Point Road- Mackay Harbour Beach,Mackay,mackayslsc@bigpond.com,Mackay SLSC,,07 4955 5630,North Barrier Branch,4740,QLD,www.mackayslsc.com.au,
1 Beach Road,Sarina,lifesaving@sarinasurfclub.com.au,Sarina SLSC,,07 49566476,North Barrier Branch,4737,QLD,www.sarinasurfclub.com.au,
The Strand,Picnic Bay,admin@tpbslsc.com.au,Townsville Picnic Bay SLSC,07 4724 5764,07 4724 4211,North Barrier Branch,4810,QLD,,
45 Fourth Avenue,,presidentslsnc@bigpond.com,North Coast Branch,,02 66531700,Surf Life Saving New South Wales,2452,NSW,www.slsnorthcoast.com,
George Street,North Beach/South Bogangar,bvnbslsc@bigpond.com,Bellinger Valley-North Beach SLSC,,02 6655 4449,North Coast Branch,2454,NSW,,
23 Surf Club Road,Park Beach,info@coffsharbourslsc.asn.au,Coffs Harbour SLSC,02 6652 5293,02 6652 3245,North Coast Branch,2450,NSW,www.coffsharbourslsc.asn.au,
N/A,Minnie Water,mail@mwwslsc.org.au,Minnie Water-Wooli SLSC,,02 66498100,North Coast Branch,2460,NSW,www.mwwslsc.org.au,
1 Main Beach Road,Main Beach (Nambucca Heads)5,tnewley@bigpond.com,Nambucca Heads SLSC Inc,(02)65686626,(02)65689186,North Coast Branch,2448,NSW,,
Lawson Street,Red Rock (North),redrockslsc@bigpond.com,Red Rock Corindi SLSC,,02 66491376,North Coast Branch,2456,NSW,www.rrcslsc.org,
Fourth Ave,Sawtell Beach,info@sawtellsurfclub.com.au,Sawtell SLSC Inc,,,North Coast Branch,2452,NSW,www.sawtellsurfclub.com.au,
Hungry Head Road,Hungry Head,vjnugent@bigpond.com,Urunga SLSC,,0266556869,North Coast Branch,2455,NSW,www.urungaslsc.com.au,
47 River Street,Woolgoolga Beach,trevor@woolgoolgaslsc.com,Woolgoolga SLSC,,02 6654 0257,North Coast Branch,2456,NSW,www.woolgoolgaslsc.com,
,,,North West,,,Life Saving Victoria,,Unknown,,
,,,Otway District,,,Life Saving Victoria,,Unknown,,
Collingwood,Apollo Bay,apollobayslsc@yahoo.com.au,Apollo Bay SLSC,,0352376765,Otway District,3233,VIC,www.apollobayslsc.com.au,
Cnr Great Ocean Road and Yarringa Road,,info@fairhavenslsc.org,Fairhaven SLSC,,,Otway District,3231,VIC,www.fairhavenslsc.org,
Great Ocean Road,Kennett River,jason_menz@tac.vic.gov.au,Kennett River SLSC,,0408419812,Otway District,3234,VIC,,
Mountjoy Parade,Lorne,club_administrator@lornesurfclub.com.au,Lorne SLSC,,03 5289 1724,Otway District,3232,VIC,www.lornesurfclub.com.au,
Great Ocean Road,Wye River,barbante@optusnet.com.au,Wye River SLSC,,03 5289 0297,Otway District,3234,VIC,www.wyeriverslsc.asn.au,
Currumbin Creek Road,,pdbsurf@bigpond.com,Point Danger Branch,07 5598 2349,07 5534 6077,Surf Life Saving Queensland,4223,QLD,www.slsqpointdanger.com.au,
257 Golden Four Drive,Bilinga,office@bilingaslsc.com,Bilinga SLSC,07 5534 3730,07 5534 1263,Point Danger Branch,4225,QLD,www.bilingaslsc.com,
Marine Parade,Coolangatta,office@coolangattaslsc.com.au,Coolangatta SLSC,07 5536 7061,07 5536 8474,Point Danger Branch,4225,QLD,www.coolangattaslsc.com.au,
Pacific Parade,Currumbin,administrator@currumbinslsc.com.au,Currumbin SLSC,07 5534 7111,07 5534 2241,Point Danger Branch,4223,QLD,www.currumbinslsc.com.au,
15 Marine Parade,Kirra,kirra@kirraslsc.com,Kirra SLSC,07 5536 9462,07 5536 2787,Point Danger Branch,4225,QLD,www.kirraslsc.com,
Tallebudgera Creek,Tallebudgera Creek,secretary@neptunerlsc.com,Neptune Royal Life Saving Club,,07 5535 7264,Point Danger Branch,4221,QLD,www.neptunerlsc.com,
Pacific Parade,North Kirra,surfclub@northkirra.com.au,North Kirra SLSC,07 5536 2174,07 5536 2876,Point Danger Branch,4225,QLD,,
1291 Gold Coast Highway,Pacific,office@pacificslsc.com,Pacific SLSC,07 5576 1857,07 5535 0350,Point Danger Branch,4221,QLD,www.pacificslsc.com,
117 Jefferson Lane,Palm Beach,administrator@palmbeachsurfclub.com.au,Palm Beach SLSC (QLD),07 5598 4266,07 5534 2180,Point Danger Branch,4221,QLD,www.palmbeachsurfclub.com.au,
2 Snapper Rocks Road,Rainbow Bay,admin@rainbowbayslsc.com,Rainbow Bay SLSC,07 5536 6365,07 5536 6390,Point Danger Branch,4225,QLD,www.rainbowbayslsc.com,
1505 Gold Coast Highway,Tallebudgera,admin@tallesurfclub.net.au,Tallebudgera SLSC,07 5535 9886,07 5576 5866,Point Danger Branch,4221,QLD,www.tallesurfclub.net.au,
29 O`Connor Street,Tugun,surfadmin@tugunslsc.com.au,Tugun SLSC,07 5534 4138,07 5534 2888,Point Danger Branch,4224,QLD,www.tugunslsc.com.au,
Marine Parade,Greenmount,thcslsc@bigpond.net.au,Tweed Heads Coolangatta SLSC,07 5536 5024,07 5536 1506,Point Danger Branch,4225,QLD,www.thcslsc.com.au,
,,,Port Phillip District,,,Life Saving Victoria,,Unknown,,
127 Esplanade,Altona (Main),admin@altonalsc.com.au,Altona LSC,,0438939880,Port Phillip District,3018,VIC,www.altonalsc.com.au,
11 Elwood Foreshore,Elwood,elsc11ef@bigpond.net.au,Elwood LSC,,03 9531 5755,Port Phillip District,3184,VIC,www.elwoodlsc.com,
38 Beaconsfield Parade,Port Melbourne,president@portmelblsc.com.au,Port Melbourne LSC,03 9646 8773,03 9646 8773,Port Phillip District,3207,VIC,www.portmelblsc.com.au,
240 The Boulevard,Sandridge,email@sandridge.org.au,Sandridge LSC,03 9820 4089,03 9820 6313,Port Phillip District,3207,VIC,www.sandridge.org.au,
Beaconsfield Parade (Opp Withers St),South Melbourne,registrar@southmelbournelsc.com.au,South Melbourne LSC,,0488065437,Port Phillip District,3206,VIC,www.southmelbournelsc.com.au,
43 Jacka Blvrd,St Kilda,enquiries@stkildalifesavingclub.com.au,St Kilda LSC,,0475 896 605,Port Phillip District,3182,VIC,www.stkildalifesavingclub.com.au,
Gloucester Reserve 70 Esplanade,Williamstown,info@williamstownslsc.org.au,Williamstown Swimming and LSC (Inc.),,03 9397 5493,Port Phillip District,3016,VIC,www.williamstownslsc.org.au,
,,,Rural Queensland Clubs,,,Surf Life Saving Queensland,,QLD,,
,,,SLSA Events Branch,,,Surf Life Saving Queensland,,QLD,www.sls.com.au,
,,,South Barwon District,,,Life Saving Victoria,,Unknown,,
100 Great Ocean Road,Anglesea,info@angleseaslsc.org.au,Anglesea SLSC,03 5263 1108,03 5263 1107,South Barwon District,3230,VIC,www.angleseaslsc.org.au,
Clubhouse Road,Jan Juc,info@janjucsurfclub.com.au,Jan Juc SLSC,03 5261 2755,03 5261 2755,South Barwon District,3228,VIC,janjucsurfclub.com.au,
Surf Beach Drive,Torquay,info@torquayslsc.com.au,Torquay SLSC,03 5261 4209,03 5261 4110,South Barwon District,3228,VIC,www.torquayslsc.com.au,
178 Hedges Avenue,,southcoastbranch@lifesaving.com.au,South Coast Branch,07 5535 3246,07 5566 1000,Surf Life Saving Queensland,4218,QLD,http://slsqsouthcoast.com.au/,
27 Broadbeach Boulevard,Broadbeach,broadbeachslsc@bigpond.com,Broadbeach SLSC,07 5538 1651,07 5527 5154,South Coast Branch,4218,QLD,www.broadbeachslsc.com,
Goodwin Terrace,Burleigh Heads,admin@burleighslsc.com.au,Burleigh Heads Mowbray Park SLSC,07 5520 1661,07 5535 2419,South Coast Branch,4220,QLD,www.burleighslsc.com.au,
Victoria Parade,Main Beach,sbhorsfall@optusnet.com.au,Coochiemudlo Island SLSC,,,South Coast Branch,4184,QLD,,
Old Burleigh Road,Kurrawa,lifesaving@kurrawasurf.com.au,Kurrawa SLSC,07 5527 5566,07 5527 5660,South Coast Branch,4218,QLD,www.kurrawasurf.com.au,
172 Hedges Avenue,Mermaid Beach,admin@mermaidslsc.org.au,Mermaid Beach SLSC Inc,0755752489,0755753668,South Coast Branch,4218,QLD,www.mermaidslsc.org.au,
2 Hythe Street,Miami Beach,mbslsc2@bigpond.com,Miami Beach SLSC,,07 5572 0353,South Coast Branch,4220,QLD,http://www.miamibeachslsc.com.au,
Cr Lavarack Rd and Albatross Ave,Nobbys Beach,admin@nobbysslsc.org,Nobbys Beach SLSC (QLD),,07 5526 1117,South Coast Branch,4218,QLD,www.nobbysslsc.com.au,
Cnr Kratzmann Ave and The Esplanade,North Burleigh,office@northburleighslsc.com.au,North Burleigh SLSC,07 5576 2016,07 5576 1604,South Coast Branch,4220,QLD,www.northburleighslsc.com.au,
Cnr Garfield Tce and Thornton St,Northcliffe,info@northcliffesurfclub.com.au,Northcliffe SLSC,07 5531 7071,07 5539 8091,South Coast Branch,4217,QLD,http://www.bmdnorthcliffe.com.au/index.vm,
24 Kennedy Drive,Point Lookout,admin@pointlookoutslsc.com.au,Point Lookout SLSC,,0428 771 377,South Coast Branch,4183,QLD,http://www.pointlookoutslsc.com.au,
Macarthur Parade,Southport,admin@sslsc.com.au,Southport SLSC (QLD),07 5531 2217,07 5665 3939,South Coast Branch,4217,QLD,www.sslsc.com.au,
Cnr Halan St and The Esplanade,Surfers Paradise,admin@surfersparadiseslsc.com.au,Surfers Paradise SLSC,07 5539 9466,07 5531 5966,South Coast Branch,4217,QLD,www.surfersparadiseslsc.com.au,
,,scsls@bigpond.net.au,South Coast Branch (NSW),,,Surf Life Saving New South Wales,,Unknown,southcoastbranch.com.au,
Pacific Avenue (Southern End),Werri Beach,info@gerringongsurfclub.org.au,Gerringong SLSC,02 4234 2979,02 4234 1979,South Coast Branch (NSW),2534,NSW,gerringongsurfclub.org.au,
150 North Kiama Drive,Jones/Boyds Beach,club@kiamadownssurf.com,Kiama Downs SLSC,0242375074,0242378580,South Coast Branch (NSW),2533,NSW,www.kiamadownssurf.com,
Manning Street,Surf Beach,secretary@kiamaslsc.com.au,Kiama SLSC,,02 4232 2038,South Coast Branch (NSW),2533,NSW,www.kiamaslsc.com.au,
Ocean Street,Mollymook,admin@mollymooksurf.com.au,Mollymook Surf Life Saving Club Inc.,,02 4455 2725,South Coast Branch (NSW),2539,NSW,www.mollymooksurf.com.au,
Farrant Avenue-,Warrain Beach,nowrculb@bigpond.net.au,Nowra-Culburra SLSC,,02 4447 2038,South Coast Branch (NSW),2540,NSW,nowraculburraslsc.asn.au,
Corner Wollongong and Beach Street,Shellharbour North/Nuns Beach,info@shellharboursurfclub.com,Shellharbour SLSC,,0242 966211,South Coast Branch (NSW),2529,NSW,www.shellharboursurfclub.com,
McIntosh St,Seven Mile Beach,secretary@headssurf.com.au,Shoalhaven Heads SLSC,,02 4448 7293,South Coast Branch (NSW),2535,NSW,www.headssurf.com.au,
Pacificana Drive,Cudmirrah Beach,info@sussexinletslsc.com.au,Sussex Inlet and Districts SLSC,,0244411239,South Coast Branch (NSW),2540,NSW,http://sussexinletslsc.com.au,
7 Osborne Pde,Warilla Barrack,info@warillasurf.org.au,Warilla Barrack Point SLSC,,0242964743,South Coast Branch (NSW),2528,NSW,www.warillasurf.org.au,
Lot 697 Parkyn Parade,,ssbranch@lifesaving.com.au,Sunshine Coast Branch,07 5444 7955,07 54141600,Surf Life Saving Queensland,4557,QLD,www.rescuesunshinecoast.com,
167 Alexandra Parade,Alexandra Headland,lifesavers@alexsurfclub.com.au,Alexandra Headland SLSC,0754438793,0754567804,Sunshine Coast Branch,4572,QLD,www.alex.org.au,
North Street,Woorim,bribiesc@bigpond.com,Bribie Island SLSC,,07 3408 1188,Sunshine Coast Branch,4507,QLD,,
29 The Esplanade. (Beach Access 299),Bulcock,,Bulcock Royal Life Saving Club,,,Sunshine Coast Branch,4551,QLD,,
1775-1779 David Low Way,Coolum,lifesaving@coolumsurfclub.com.au,Coolum Beach SLSC,07 5471 6473,07 5446 1148,Sunshine Coast Branch,4573,QLD,www.coolumsurfclub.com.au,
1a Coochin Street,Dicky,lifesaving@dickybeachsurfclub.com,Dicky Beach SLSC,07 5438 2152,07 5491 5742,Sunshine Coast Branch,4551,QLD,www.dickybeachsurfclub.com,
99 Pacific Boulevard,Kawana,surfadmin@kawanasurfclub.com.au,Kawana Waters SLSC,,07 5444 8642,Sunshine Coast Branch,4575,QLD,www.kawanasurfclub.com.au,
64 - 76 Marcoola Esplanade,Marcoola,administrator@marcoolaslsc.com.au,Marcoola SLSC,07 5448 9321,07 5448 7311,Sunshine Coast Branch,4564,QLD,www.marcoolaslsc.com.au,
34-36 Alexandra Parade,Maroochydore,lifesaving@maroochysurfclub.com.au,Maroochydore SLSC,07 5443 8963,07 5443 1323,Sunshine Coast Branch,4558,QLD,www.maroochysurfclub.com.au,
1 Spender Lane - Kings Beach,Kings (Caloundra),info@caloundrasurfclub.com.au,Metropolitan Caloundra SLSC,07 5492 5730,07 5491 1081,Sunshine Coast Branch,4551,QLD,www.caloundrasurfclub.com.au,
The Esplanade,Mooloolaba,lifesavers@thesurfclub.com.au,Mooloolaba SLSC,0754444999,0754523711,Sunshine Coast Branch,4557,QLD,www.thesurfclub.com.au,
Mudjimba Esplanade,Mudjimba,admin@mudjimbasurf.com.au,Mudjimba SLSC,07 5448 7035,07 5448 7080,Sunshine Coast Branch,4564,QLD,www.mudjimbasurf.com.au,
69 Hasting Street,Noosa,admin@noosasurfclub.com.au,Noosa Heads SLSC,07 5448 0866,07 5474 5688,Sunshine Coast Branch,4567,QLD,http://www.noosasurfclub.com.au,
Wide Bay Esplanade,Rainbow Beach,surf@rainbowbeachsurf.com.au,Rainbow Beach SLSC,07 5486 3017,07 5486 3249,Sunshine Coast Branch,4581,QLD,www.rainbowbeachsurf.com.au,
Lot 1 Marine Parade,Suttons-Margate,redcliffeslsc@gmail.com,Redcliffe Peninsula SLSC,,07 3284 4105,Sunshine Coast Branch,4020,QLD,www.redcliffeslsc.com.au,
Cnr Belmore Terrace and Duke Street,Sunshine,lifesaving@sunshinebeachslsc.com.au,Sunshine Beach SLSC,07 5447 2005,07 5447 5491,Sunshine Coast Branch,4567,QLD,www.sunshinebeachslsc.com.au,
,,,Surf Life Saving Australia Academy Branch,,,Surf Life Saving New South Wales,,NSW,,
,,,Surf Life Saving Australia Academy,,,Surf Life Saving Australia Academy Branch,,Unknown,http://sls.com.au/what-we-do/training,
7-4 Teamster Close,,office@slscc.com.au,Surf Life Saving Central Coast,02 43530298,02 43530299,Surf Life Saving New South Wales,2259,NSW,www.slscc.com.au,
10 Vine Street,Avoca Beach,office@avocabeachslsc.asn.au,Avoca Beach SLSC,,02 4382 1514,Surf Life Saving Central Coast,2251,NSW,www.avocabeachslsc.asn.au,
Del Monte Place,Copacabana,admin@copacabanaslsc.org.au,Copacabana SLSC,,02 4381 1420,Surf Life Saving Central Coast,2251,NSW,www.copacabanaslsc.org.au,
Beach Drive,Putty/Killcare Beach,secretary@killcaresurfclub.com.au,Killcare SLSC,,,Surf Life Saving Central Coast,2257,NSW,www.killcaresurfclub.com.au,
100 Marine Parade,Macmasters Beach,macmastersslsc@bigpond.com,MacMasters Beach SLSC,02 4381 2034,02 4381 1234,Surf Life Saving Central Coast,2251,NSW,www.macmastersbeachslsc.com,
North Avoca Parade,North Avoca,office@northavocaslsc.com.au,North Avoca SLSC,,024384360,Surf Life Saving Central Coast,2260,NSW,www.northavoca.com.au,
77 Hutton Rd,Tuggerah/North Entrance Beach,neslsc@yahoo.com.au,North Entrance SLSC,,02 4334 3755,Surf Life Saving Central Coast,2261,NSW,www.northentranceslsc.com.au,
Trafalgar Avenue (Cnr The Esplanade),Ocean Beach,ad-dir-obslsc@hotmail.com,Ocean Beach SLSC,,02 4344 2800,Surf Life Saving Central Coast,2257,NSW,oceanbeachslsc.com,
75 Shelly Beach Road,Shelly Beach,blondenz@optusnet.com.au,Shelly Beach SLSC,,4332 1623,Surf Life Saving Central Coast,2261,NSW,www.shellybeachsurfclub.com,
Soldiers Point Drive,Soldiers Beach,surfclub@soldiersbeachsurfclub.com.au,Soldiers Beach SLSC,,02 4396 4376,Surf Life Saving Central Coast,2263,NSW,www.soldiersbeachsurfclub.com.au,
Terrigal Esplanade,Terrigal,office@terrigalsurfclub.com,Terrigal SLSC,0243856944,0243856933,Surf Life Saving Central Coast,2260,NSW,www.terrigalsurfclub.com,
Marine Parade,The Entrance,theentrancesecretary@gmail.com,The Entrance SLSC,,02 4334 2844,Surf Life Saving Central Coast,2261,NSW,www.theentranceslsc.com.au,
Budgewoi Road,Lakes Beach,admin@thelakesslsc.com.au,The Lakes SLSC,,024396 4047,Surf Life Saving Central Coast,2262,NSW,www.thelakesslsc.com.au,
Swadling Reserve Dv- off Bay Rd 160 Bay Road,Toowoon Bay,admin@tbslsc.com.au,Toowoon Bay SLSC,02 4332 7420,02 4332 2411,Surf Life Saving Central Coast,2261,NSW,www.toowoonsurfclub.com.au,
509 Ocean Beach Road,Umina Beach,admin@uminaslsc.org.au,Umina SLSC Inc,02 4342 0320,02 4342 0320,Surf Life Saving Central Coast,2257,NSW,www.uminaslsc.org.au,
1 Dover Road,Wamberal,admin@wamberalsurfclub.com,Wamberal SLSC Inc.,,0243852322,Surf Life Saving Central Coast,2260,NSW,www.wamberalsurfclub.com,
64 Smith St,,office@slsillawarra.com.au,Surf Life Saving Illawarra,02 4226 9080,02 4228 3884,Surf Life Saving New South Wales,2500,NSW,www.slsillawarra.com.au,
Lawrence Hargrave Drive,Austinmer Beach,stephen.perkiss@bigpond.com,Austinmer SLSC Inc.,,0242673765,Surf Life Saving Illawarra,2515,NSW,www.austinmersurfclub.com.au,
Morgan Place,Bellambi Beach,bellambislsc@hotmail.com,Bellambi SLSC,,0242848491,Surf Life Saving Illawarra,2518,NSW,,
Trinity Row,Bulli Beach,seanleannetaylor@bigpond.com,Bulli SLSC,,,Surf Life Saving Illawarra,2516,NSW,www.bullisurfclub.com.au,
Surf Road,Coalcliff Beach,clubcaptain@coalcliffslsc.com.au,Coalcliff SLSC,,,Surf Life Saving Illawarra,2508,NSW,www.coalcliffslsc.com.au,
Lawrence Hargrave Drive,Coledale Beach,kevin.barlow@corrosionelectronics.com.au,Coledale SLSC,,,Surf Life Saving Illawarra,2515,NSW,www.coledalebeach.com.au,
Lake Parade,Corrimal Beach,corrimalsurfclub@gmail.com,Corrimal SLSC,,0242843959,Surf Life Saving Illawarra,2518,NSW,,
Elliots Road,Towradgi/Fairy Meadow,scott.karenallan@bigpond.com,Fairy Meadow SLSC,0242841852,0242840431,Surf Life Saving Illawarra,2519,NSW,www.fairymeadowsurfclub.com.au,
Lot 20 Beach Road,Stanwell Park,hsp@stanwellparksurfclub.com,Helensburgh-Stanwell Park SLSC,,(02) 4294-1573,Surf Life Saving Illawarra,2508,NSW,www.stanwellparksurfclub.com,
1A Cliff Rd,North Wollongong Beach,the_office@nwslsc.com.au,North Wollongong SLSC,(02) 42294399,(02) 42297387,Surf Life Saving Illawarra,2500,NSW,http://www.nwslsc.com,
Lot 1 Cowper Street,Perkins,secretary@portkemblasurfclub.com.au,Port Kembla SLSC,,0498 492 590,Surf Life Saving Illawarra,2505,NSW,http://www.portkemblasurfclub.com.au,
Point Street,Sandon Point Beach,secretary@sandonpointsurfclub.org.au,Sandon Point SLSC,,,Surf Life Saving Illawarra,2516,NSW,www.sandonpointsurfclub.org.au,
Monash Street,Scarborough Beach,info@scarboroughwombarraslsc.org,Scarborough Wombarra SLSC,,,Surf Life Saving Illawarra,2515,NSW,www.scarboroughwombarraslsc.org,
The Esplanade,Thirroul Beach6,info@thirroulsurfclub.com.au,Thirroul SLSC,,02 4267 3432,Surf Life Saving Illawarra,2515,NSW,www.thirroulsurfclub.com.au,
1 Murranar Rd,Towradgi,president@towradgisurfclub.com.au,Towradgi SLSC,02 4285 0622,0404 134 012,Surf Life Saving Illawarra,2518,NSW,http://www.towradgisurfclub.com.au,
Fern Street,Windang Beach,windangsecretary@hotmail.com,Windang SLSC,,,Surf Life Saving Illawarra,2528,NSW,www.windangslsc.com.au,
Marine Pde,Wollongong City Beach,peterhogarth@bigpond.com,Wollongong City SLSC Inc.,42292994,42291994,Surf Life Saving Illawarra,2520,NSW,www.wollongongcityslsc,
Kurraba Rd,Woonona Beach,woononascsecretary@gmail.com,Woonona SLSC,,02 4285 8180,Surf Life Saving Illawarra,2517,NSW,www.woononaslsc.com.au,
Central Road,,joanne.is@bigpond.com,Surf Life Saving Mid North Coa,,,Surf Life Saving New South Wales,2444,NSW,www.slsmnc.com.au,
128 The Parade,Grants/North Haven Beach,secretary@chslsc.com,Camden Haven SLSC,,02 6559 8592,Surf Life Saving Mid North Coa,2443,NSW,www.chslsc.com,
Myrtle St,Hat Head,mike.stevo1@bigpond.com,Hat Head SLSC,,0265677562,Surf Life Saving Mid North Coa,2440,NSW,,
Reserve Road,Killick Beach,mauriefuller@gmail.com,Kempsey-Crescent Head SLSC,,02 6566 0344,Surf Life Saving Mid North Coa,2440,NSW,nil,
Scotts Head Reserve- Short Street,Forster (South)/Scotts Head,admin@macksvillescottsheadslsc.com,Macksville-Scotts Head SLSC Inc,,0265698498,Surf Life Saving Mid North Coa,2447,NSW,www.macksvillescottsheadslsc.com,
1 Tuppenny Lane,Flynns Beach,secretary@pmslsc.com.au,Port Macquarie SLSC,,0265837551,Surf Life Saving Mid North Coa,2444,NSW,http://www.pmslsc.com.au,
Horseshoe Bay Reserve Livingstone St,Front Beach,functions@swrslsc.org.au,South West Rocks SLSC,,02 6566 6590,Surf Life Saving Mid North Coa,2431,NSW,www.swrslsc.org.au,
40 Matthew Flinders Drive,Tacking Point/Lighthouse,admin@tackingpointslsc.com.au,Tacking Point SLSC,0265824006,0265820064,Surf Life Saving Mid North Coa,2444,NSW,www.tackingpointslsc.com.au,
6 Beach Street,Rainbow Beach,pkspksmith@yahoo.com.au,Wauchope Bonny Hills SLSC,,,Surf Life Saving Mid North Coa,2445,NSW,www.wbhslsc.org.au,
Lot 196 Leisure Park Rd,,northqueensland@lifesaving.com.au,Surf Lifesaving North Queensland,,07 40491201,Surf Life Saving Queensland,4878,QLD,,
135 Williams Esplanade,Palm Cove,surf.admin@cairnssurfclub.com.au,Cairns SLSC,07 4059 1362,07 4059 1263,Surf Lifesaving North Queensland,4879,QLD,,
Captain Cook Highway,Ellis,ellis.slsc@bigpond.com,Ellis Beach SLSC,07 4059 1634,07 4055 3695,Surf Lifesaving North Queensland,4879,QLD,www.ellisbeachslsc.com,
Etty Bay Road,Etty Bay,alanaw65@bigpond.com,Etty Bay SLSC,,07 40632237,Surf Lifesaving North Queensland,4860,QLD,,
154 Kennedy Esplanade,Mission Beach,missionbeachslsc@gmail.com,Mission Beach SLSC,0740688404,0740688228,Surf Lifesaving North Queensland,4852,QLD,,
The Esplanade,Port Douglas (Four Mile),pdslsc@bigpond.com,Port Douglas SLSC,07 4099 6324,07 4099 5360,Surf Lifesaving North Queensland,4877,QLD,http://www.facebook.com/PortDouglasSurfLifesavingClub,
,,,Surf Life Saving NSW Academy Branch,,,Surf Life Saving New South Wales,,NSW,,
3 Narabang Way,,education@surflifesaving.com.au,Surf Life Saving NSW Academy,0294718001,0294718000,Surf Life Saving NSW Academy Branch,2085,NSW,www.surflifesaving.com.au,
,,,Surf Life Saving NT Academy Branch,,,Surf Life Saving Northern Territory,,NT,,
62 Aralia Street,,julie.snelling@lifesavingnt.com.au,Australian Lifesaving Academy - NT,08 8985 4737,08 8985 6588,Surf Life Saving NT Academy Branch,0810,NT,www.lifesavingnt.com.au,
,,,Surf Life Saving QLD Academy Branch,,,Surf Life Saving Queensland,,QLD,,
,,,Academy of Surf,,,Surf Life Saving QLD Academy Branch,,,,
,,,Accredited Emergency Care Training,,,Surf Life Saving QLD Academy Branch,,,,
,,,Alexandra Headlands SLSC (Licensed Provider),,,Surf Life Saving QLD Academy Branch,,,,
,,,Aquatic Safety Trainers,,,Surf Life Saving QLD Academy Branch,,,,
,,,Australian Lifesaving Academy NT Licensed Provider,,,Surf Life Saving QLD Academy Branch,,,,
,,,BMD Northcliffe SLSC (Licensed Provider),,,Surf Life Saving QLD Academy Branch,,,,
,,,Boyne Island,,,Surf Life Saving QLD Academy Branch,,,,
,,,Broadbeach SLSC (Licensed Provider),,,Surf Life Saving QLD Academy Branch,,,,
,,,Burleigh Heads SLSC (Licensed Provider),,,Surf Life Saving QLD Academy Branch,,,,
,,,Cairns SLSC (Licensed Provider),,,Surf Life Saving QLD Academy Branch,,,,
,,,Elanora State High School,,,Surf Life Saving QLD Academy Branch,,,,
,,,GEMCO,,,Surf Life Saving QLD Academy Branch,,,,
,,,Hulbert Investments Pty Ltd,,,Surf Life Saving QLD Academy Branch,,,,
,,,Kirra First Aid,,,Surf Life Saving QLD Academy Branch,,,,
,,,Loganlea,,,Surf Life Saving QLD Academy Branch,,,,
,,,Mackay SLSC (Licensed Provider),,,Surf Life Saving QLD Academy Branch,,,,
,,,M and D Training,,,Surf Life Saving QLD Academy Branch,,,,
,,,Mooloolaba SLSC (Licensed Provider),,,Surf Life Saving QLD Academy Branch,,,,
69 Hastings Street,,admin@noosasurfclub.com.au,Noosa Heads Surf Lifesaving Club Inc,07 5448 0866,07 5474 5688,Surf Life Saving QLD Academy Branch,4567,QLD,www.noosasurfclub.com.au,
,,,Palm Beach Currumbin State High School,,,Surf Life Saving QLD Academy Branch,,,,
,,,Pine Rivers State High School,,,Surf Life Saving QLD Academy Branch,,,,
,,,Point Lookout SLSC (Licensed Provider),,,Surf Life Saving QLD Academy Branch,,,,
,,,QLD First Aid and Aquatic Rescue Educators,,,Surf Life Saving QLD Academy Branch,,,,
,,,Ryan Catholic College,,,Surf Life Saving QLD Academy Branch,,,,
,,,Surf Life Saving QLD Academy,,,Surf Life Saving QLD Academy Branch,,,,
,,,Tallebudgera Training and Education,,,Surf Life Saving QLD Academy Branch,,,,
,,,Westpac Rescue Helicopter Services (Qld),,,Surf Life Saving QLD Academy Branch,,,,
,,,Wide Bay Capricorn Branch SLSQ (Licensed Provider),,,Surf Life Saving QLD Academy Branch,,,,
,,,Surf Life Saving QLD Misc Branch,,,Surf Life Saving Queensland,,QLD,http://www.lifesaving.com.au,
18 Manning Street,,brisbane@lifesaving.com.au,Brisbane Lifesaving Service,0738468008,0738468128,Surf Life Saving QLD Misc Branch,4101,QLD,http://www.lifesaving.com.au/brisbanelifesaving,
,,,Surf Life Saving SA Academy Branch,,,Surf Life Saving South Australia Inc,,SA,,
,,,Surf Life Saving SA Academy,,,Surf Life Saving SA Academy Branch,,,,
,,,Surf Life Saving SA Vacswim,,,Surf Life Saving SA Academy Branch,,,,
Prince Henry 16  Murra Murra Place,,admin@surflifesavingsydney.com.au,Surf Life Saving Sydney Inc,9019 0720,9019 0722,Surf Life Saving New South Wales,2036,NSW,www.surflifesavingsydney.com.au,
Queen Elizabeth Drive,Bondi Beach (South),info@bondisurfclub.com,Bondi Surf Bathers LSC,9300 9596,9300 9279,Surf Life Saving Sydney Inc,2026,NSW,www.bondisurfclub.com,
Bronte Beach,Bronte Beach,admin@brontesurfclub.com.au,Bronte SLSC,,0293896500,Surf Life Saving Sydney Inc,2024,NSW,www.brontesurfclub.com.au,
Royal National Park,Burning Palms,info@burningpalmsslsc.com.au,Burning Palms SLSC,,0419133990,Surf Life Saving Sydney Inc,,NSW,www.burningpalmsslsc.com.au,
End of Clovelly Rd,Clovelly Beach,clovellyslsc@optusnet.com.au,Clovelly SLSC,02 9315 7412,02 9665 1441,Surf Life Saving Sydney Inc,2031,NSW,www.clovellysurfclub.com.au,
Cnr Beach and Carr Sts,Coogee,admin@coogeeslsc.com.au,Coogee SLSC (NSW),02 9665 4925,02 9665 5138,Surf Life Saving Sydney Inc,2034,NSW,www.coogeesurfclub.com.au,
Club House 1st Floor The Esplanade,Cronulla Beach,admin@cronullasurfclub.com,Cronulla SLSC,0295273847,0295235300,Surf Life Saving Sydney Inc,2230,NSW,www.cronullasurfclub.com,
Mitchell Rd,Elouera Beach,info@elouera.com,Elouera SLSC,0295444398,0295237295,Surf Life Saving Sydney Inc,2230,NSW,www.elouera.com,
17 Coora Rd,South Era Beach,weedenkelly@gmail.com,Era SLSC,,,Surf Life Saving Sydney Inc,2228,NSW,www.eraslsc.com,
Garie Beach - Garie Beach Rd,Garie Beach,admin@gariesurfclub.com,Garie SLSC Inc,,,Surf Life Saving Sydney Inc,,NSW,www.gariesurfclub.com,
Marine Parade,Maroubra Beach (north),maroubra@bigpond.net.au,Maroubra SLSC,,0293491336,Surf Life Saving Sydney Inc,2035,NSW,www.maroubraslsc.com.au,
Cnr Ramsgate Ave and Campbell Pde,North Bondi Beach,office@northbondisurfclub.com,North Bondi SLSC,02 9130 1728,02 9130 7677,Surf Life Saving Sydney Inc,2026,NSW,www.northbondisurfclub.com.au,
Corner Prince Street and Mitchell Road,North Cronulla Beach,admin@northcronullasurfclub.com,North Cronulla SLSC,02 9544 0021,02 9523 5846,Surf Life Saving Sydney Inc,2230,NSW,www.northcronullaslsc.com.au,
1 R Marine Pde   Arthur Byrne Reserve,South Maroubra,admin@southmaroubraslsc.com.au,South Maroubra SLSC,0293140090,0293140070,Surf Life Saving Sydney Inc,2035,NSW,www.southmaroubraslsc.com.au,
1A Pacific Avenue,Tamarama Beach,secretary@tamaramaslsc.org,Tamarama SLSC,,9130 3967,Surf Life Saving Sydney Inc,2026,NSW,www.tamaramaslsc.org,
2 Marine Esplanade,Wanda Beach,clubhouse@wandaslsc.com.au,Wanda SLSC Inc,0295234491,0295234343,Surf Life Saving Sydney Inc,2230,NSW,www.wandasurfclub.com.au,
Unit 9/1 Vuko Place,,jen@surflifesaving.net.au,Surf Life Saving Sydney Northern Beaches,02 9913 9066,02 9913 8066,Surf Life Saving New South Wales,2102,NSW,www.surflifesaving.net.au,
558A Barrenjoey Road,Avalon Beach,avalonbeachslsc@gmail.com,Avalon Beach SLSC,,02 9918 3298,Surf Life Saving Sydney Northern Beaches,2107,NSW,www.avalonbeachslsc.com.au,
The Serpentine,Bilgola Beach,club.coordinator@bilgolaslsc.org.au,Bilgola SLSC,02 9918 0094,02 9918 2337,Surf Life Saving Sydney Northern Beaches,2107,NSW,www.bilgolaslsc.org.au,
Lower Myola Road,Bungan Beach,info@bunganbeachsurfclub.com,Bungan Beach SLSC Inc,,,Surf Life Saving Sydney Northern Beaches,2106,NSW,www.bunganbeachsurfclub.com.au,
Pittwater Road,Collaroy Beach,collaroysecretary@gmail.com,Collaroy SLSC,0299710751,0299716633,Surf Life Saving Sydney Northern Beaches,2097,NSW,www.collaroysurfclub.com.au,
The Strand- Dee Why Beach,Dee Why,secretary@dyslsc.org.au,Dee Why SLSC,02 9971 7334,02 9971 8047,Surf Life Saving Sydney Northern Beaches,2099,NSW,www.dyslsc.org.au,
Kooloora Ave,Freshwater Beach,exo@freshwaterslsc.com,Freshwater SLSC,02 9905 6465,02 9905 3741,Surf Life Saving Sydney Northern Beaches,2096,NSW,www.freshwaterslsc.com,
Pittwater Rd Long Reef Beach,Long Reef Beach,longreef@longreef.com,Long Reef SLSC Inc,02 80784728,02 80784728,Surf Life Saving Sydney Northern Beaches,2097,NSW,www.longreef.com,
Manly Surf Pavilion Cnr Ashburner Street and South Steyne,Manly Beach,admin@manlylsc.com,Manly LSC,02 9977 6101,02 9977 2742,Surf Life Saving Sydney Northern Beaches,2095,NSW,www.manlylsc.com,
1 Surfview Road,Mona Vale Beach,admin@monavaleslsc.org.au,Mona Vale SLSC,,(02)99993614,Surf Life Saving Sydney Northern Beaches,2103,NSW,www.monavaleslsc.org.au,
`Lions Park` Ocean Street,Narrabeen Beach6,admin@narrabeach.org.au,Narrabeen Beach SLSC Inc,02 9970 8838,02 9913 7616,Surf Life Saving Sydney Northern Beaches,2101,NSW,www.narrabeach.org.au,
394 Barrenjoey Road,Newport Beach,admin@newportsurfclub.com.au,Newport SLSC,,02 9997 5116,Surf Life Saving Sydney Northern Beaches,2106,NSW,www.newportsurfclub.com.au,
Huston Parade,North Curl Curl Beach,office@nccslsc.com.au,North Curl Curl SLSC,02 9905 4481,02 9905 8671,Surf Life Saving Sydney Northern Beaches,2099,NSW,www.nthcurlcurlslsc.com.au,
2 Malcolm Street,North Narrabeen Beach,admin@northnarra.org.au,North Narrabeen SLSC Inc.,02 9970 6936,02 9913 8810,Surf Life Saving Sydney Northern Beaches,2101,NSW,www.northnarra.org.au,
Governor Phillip Park,North Palm Beach,office@northpalmbeach.com.au,North Palm Beach SLSC Inc.,(02) 99741425,(02) 99741224,Surf Life Saving Sydney Northern Beaches,2108,NSW,www.northpalmbeach.com.au,
North Steyne,North Steyne,admin@northsteyneslsc.com.au,North Steyne SLSC Inc.,02 9977 6227,02 9977 6180,Surf Life Saving Sydney Northern Beaches,2095,NSW,www.northsteyneslsc.com.au,
31-32 Ocean Rd,Palm Beach,office@palmbeachslsc.com,Palm Beach SLSC (NSW),0299741167,0299741288,Surf Life Saving Sydney Northern Beaches,2108,NSW,www.palmbeachslsc.com,
North Steyne Road,Queenscliff Beach,admin@queenscliffslsc.org.au,Queenscliff SLSC,,02 99772326,Surf Life Saving Sydney Northern Beaches,2095,NSW,www.queensie.com,
Carrington Parade,South Curl Curl Beach,mail@southcurlcurlslsc.org,South Curl Curl SLSC,,02 9938 5430,Surf Life Saving Sydney Northern Beaches,2096,NSW,www.southcurlcurlslsc.org,
1200 Pittwater Rd,South Narrabeen Beach,secretary@snslsc.org.au,South Narrabeen SLSC,,02 9971 1355,Surf Life Saving Sydney Northern Beaches,2101,NSW,www.snslsc.org.au,
NARRABEEN PARK PARADE,Warriewood Beach,wslsc.info@gmail.com,Warriewood SLSC,02,02 9999 2213,Surf Life Saving Sydney Northern Beaches,2102,NSW,www.warriewoodslsc.com.au,
227 Whale Beach Road,Whale Beach,info@whalebeachsurfclub.org,Whale Beach SLSC Inc,,,Surf Life Saving Sydney Northern Beaches,2107,NSW,www.whalebeachsurfclub.org,
,,,Surf Life Saving TAS Academy Branch,,,Surf Life Saving Tasmania,,TAS,,
,,,Surf Life Saving TAS Academy,,,Surf Life Saving TAS Academy Branch,,Unknown,,
,,,Surf Life Saving WA Academy Branch,,,Surf Life Saving Western Australia,,WA,,
,,,Surf Life Saving WA Academy,,,Surf Life Saving WA Academy Branch,,,,
,,,Surf Life Saving WA Academy Staff,,,Surf Life Saving WA Academy Branch,,,,
,,,Test NSW Branch,,,Surf Life Saving New South Wales,,NSW,,
Upstairs level,Test Beach,ithelp@slsa.asn.au,TEST NSW Club,,0292158000,Test NSW Branch,2018,NSW,www.sls.com.au,
,Test NSW Beach,ithelp@slsa.asn.au,Test NSW Support Ops Club,,,Test NSW Branch,,Unknown,,
,,,Western District,,,Life Saving Victoria,,Unknown,,
Apex Park,Apex Park Sandbar,rhodes.greg.d@edumail.vic.gov.au,Mildura LSC,,,Western District,3500,VIC,,
Cairns Street,Port Campbell,secretary@pcslsc.org.au,Port Campbell SLSC,0355986666,0355986275,Western District,3269,VIC,www.pcslsc.org.au,
Beach Street / Hughes Avenue,Port Fairy,pfslsc@bigpond.com,Port Fairy SLSC,,03 5568 2246,Western District,3284,VIC,www.portfairyslsc.org.au,
Bridgewater Road,Bridgewater Bay Surf,portlandslsc@gmail.com,Portland SLSC,,03 5526 7233,Western District,3305,VIC,,
80 Pertobe Road,Warrnambool,warrnamboolslsc@bigpond.com,Warrnambool SLSC,03 5560 5771,03 5561 1790,Western District,3280,VIC,www.warrnamboolslsc.org.au,
Level 1     62A Barolin Street,,slswbc@lifesaving.com.au,Wide Bay Capricorn Branch,07 41533227,07 41111000,Surf Life Saving Queensland,4670,QLD,www.slswbc.com.au,
1 Surf Club Avenue,Agnes Water,slswbc@lifesaving.com.au,Agnes Water SLSC,07 4974 9522,07 4974 9522,Wide Bay Capricorn Branch,4677,QLD,www.agneswatersurfclub.com,
Nielson Park,Nielsen Park,bslsc@bigpond.com,Bundaberg SLSC,07 4159 2288,07 4159 2288,Wide Bay Capricorn Branch,4670,QLD,www.bundabergslsc.com.au,
Opposite Caravan Park,Elliott Heads,ehslsc@ehslsc.net.au,Elliott Heads SLSC,07 41521545,07 41550110,Wide Bay Capricorn Branch,4670,QLD,www.ehslsc.net.au/,
3 Keppel Street,Emu Park,secretary@emuparkslsc.com.au,Emu Park SLSC,07 4939 6999,07 4939 6207,Wide Bay Capricorn Branch,4710,QLD,www.emuparkslsc.com.au,
The Esplanade,Scarness-Torquay,hbslsc@herveybaysurfclub.com.au,Hervey Bay SLSC,,07 4125 1718,Wide Bay Capricorn Branch,4655,QLD,www.herveybaysurfclub.com.au,
1 Surf Club Drive,Moore Park,mooreparkslsc@bigpond.com,Moore Park SLSC,,07 4159 8274,Wide Bay Capricorn Branch,4670,QLD,http://www.mooreparkslsc.com.au,
Building 1 The Esplanade,Tannum Sands,secretary@tannumsurf.com.au,Tannum Sands SLSC,07 49733637,07 49737142,Wide Bay Capricorn Branch,4680,QLD,Facebook,
Anzac Parade,Yeppoon,yslsc@bigpond.net.au,Yeppoon SLSC,07 4939 4212,07 4939 4212,Wide Bay Capricorn Branch,4703,QLD,http://www.yeppoonslsc.com.au/,
